ACTION;CENTRE;BAGUE;DATE;PREC DATE;HEURE;ESPECE;SEXE;AGE;PAYS;DEPT;Dept en clair;LOCALITE;LIEUDIT;LP;MA;AD;THEME SESSION;THEME;BAGUEUR;BG;COND REPR;CIRC REPR;MEMO SESSION;MEMO;FS;HS;DS;GE;RE;MI;Leurre;LP Droite;NF;BC;CS;CA;PC;PI;TL;TQ;REFERENCE;DECRIT_COMME;Nom scientifique;Nom vernaculaire;LAT;LON;Prec Coord;Duree;Duree AMJ;Distance;Orientation;Bague verifiee;Cond baguage;BP;BN;AS;Chasseur francais;Barre Croissance;DO;Transposition;HL;SG;UN;VN;Donnee verifiee;BH;MS;EB;FI;FD;FG;IR;LC;LO;LG;LD;LH;LT;LR;A2;MK;CP;RR;GD;GG;MR;Prive;Confidentiel;ET;P?;ES;NC;NT;MU;NV;P3;P3D;P3G;PA;PN;PO;PP;RB;SL;Rachis;TB;Lieux;LX;EC;F1;F2;F3;EAU;HAB;ID_PROG;DR;ZONE;PNEU;FLA;CAL;POX;Observateur;GESTION;MUE RP;RE_SESSION;TYPE MARQUE;COULEUR GAUCHE;COULEUR DROITE;SENS LECTURE GAUCHE;SENS LECTURE DROIT;INSCRIPTION GAUCHE;INSCRIPTION DROITE;PRELEV_BIO;PRELEV_PARASITE;cId_Data;cId_Session;cId_Responsable;cId_BG;cId_Localisation;cId_Bird;cId_Bague
B;FRP;....3637731;17/11/2021;0;11:27:00;PARCAE;M;1A;FR;75;Paris;PARIS;Jardin des plantes (jardin Çcologique);64,5;11,30;1;MANGEOIRE;;LORRILLIERE, Romain;LORRILLIERE, Romain;;;;SC: LEQUITTE, Perrine;36;08:30:00;03:30:00;FILET VERTICAL;;BOIS FEUILLUS;;;;;DC;CO;;;;;;;Cyanistes caeruleus;MÇsange bleue;48,844387;2,362050;0;;;;;;;;;;;;;;;;;;;;;;;;;;;;;;;16,10;;;;;;;;;0;;;;0;;;0;;;;;;;;;;;;;FRANCE / FRANCE METROPOLITAINE / ◊le-de-France / Paris / PARIS / Jardin des plantes (jardin Çcologique);;;;;;;;;;;;;;;;;;;;;;;;;;;;14955228;1918084;1945;1945;78539;10389352;3226477
C;FRP;....3637731;21/12/2021;0;10:55:00;PARCAE;?;1A;FR;75;Paris;PARIS;Jardin des plantes (jardin Çcologique);63,5;11,40;1;MANGEOIRE;;LORRILLIERE, Romain;GHISLAIN, Manon;8;20;;SC: NABIAS, Jean;36;08:30:00;04:00:00;FILET VERTICAL;;BOIS FEUILLUS;;;;;;CO;;;;;;;Cyanistes caeruleus;MÇsange bleue;48,844387;2,362050;0;34;"0; 1; 3";0;0;;;;;;;;;;;MONNET, Anne-Christine;;;;;;;;;;;;;;;;19,90;;;;;;;;;0;;;;0;;;0;;;;;;;;;;;;;FRANCE / FRANCE METROPOLITAINE / ◊le-de-France / Paris / PARIS / Jardin des plantes (jardin Çcologique);;;;;;;;;;;;;;;;;;;;;;;;;;;;14955100;1918077;1945;14578;78539;10389352;3226477
B;FRP;....3637734;17/11/2021;0;11:33:00;PARMAJ;F;1A;FR;75;Paris;PARIS;Jardin des plantes (jardin Çcologique);73,0;20,30;2;MANGEOIRE;;LORRILLIERE, Romain;LORRILLIERE, Romain;;;;SC: LEQUITTE, Perrine;36;08:30:00;03:30:00;FILET VERTICAL;;BOIS FEUILLUS;;;;;DC;CO;;;;;;;Parus major;MÇsange charbonniäre;48,844387;2,362050;0;;;;;;;;;;;;;;;;;;;;;;;;;;;;;;;20,00;;;;;;;;;0;;;;0;;;0;;;;;;;;;;;;;FRANCE / FRANCE METROPOLITAINE / ◊le-de-France / Paris / PARIS / Jardin des plantes (jardin Çcologique);;;;;;;;;;;;;;;;;;;;;;;;;;;;14955188;1918084;1945;1945;78539;10389344;3226480
C;FRP;....3637734;21/12/2021;0;11:49:00;PARMAJ;F;1A;FR;75;Paris;PARIS;Jardin des plantes (jardin Çcologique);73,0;17,60;1;MANGEOIRE;;LORRILLIERE, Romain;GHISLAIN, Manon;8;20;;SC: LENGLIN, Achille;36;08:30:00;04:00:00;FILET VERTICAL;;BOIS FEUILLUS;;;;;DC;CO;;;;;;;Parus major;MÇsange charbonniäre;48,844387;2,362050;0;34;"0; 1; 3";0;0;;;;;;;;;;;;;;;;;;;;;;;;;;;23,50;;;;;;;;;0;;;;0;;;0;;;;;;;;;;;;;FRANCE / FRANCE METROPOLITAINE / ◊le-de-France / Paris / PARIS / Jardin des plantes (jardin Çcologique);;;;;;;;;;;;;;;;;;;;;;;;;;;;14955091;1918077;1945;14578;78539;10389344;3226480
B;FRP;....3637807;04/12/2019;0;09:19:00;PARCAE;M;1A;FR;75;Paris;PARIS;Jardin des plantes (jardin Çcologique);63,0;10,90;2;MANGEOIRE;;LORRILLIERE, Romain;LORRILLIERE, Romain;;;;;36;08:30:00;02:30:00;FILET VERTICAL;;PARC URBAIN;;;;;DC;CO;;;;;;;Cyanistes caeruleus;MÇsange bleue;48,844387;2,362050;0;;;;;;;;;;;;;;;;;;;;;;;;;;;;;;;17,50;;;;;;;;;0;;;;0;;;0;;;;;;;;;;;;;FRANCE / FRANCE METROPOLITAINE / ◊le-de-France / Paris / PARIS / Jardin des plantes (jardin Çcologique);;;;;;;;;;;;;;;;;;;;;;;;;;;;13611285;1654724;1945;1945;78539;9770441;3226553
C;FRP;....3637807;12/02/2020;0;10:50:00;PARCAE;M?;2A;FR;75;Paris;PARIS;Jardin des plantes (jardin Çcologique);;10,50;1;MANGEOIRE;;LORRILLIERE, Romain;LORRILLIERE, Romain;8;20;;;36;08:30:00;02:30:00;FILET VERTICAL;;PARC URBAIN;;;;;DC;CO;;;;;;;Cyanistes caeruleus;MÇsange bleue;48,844387;2,362050;0;70;"0; 2; 9";0;0;;;;;;;;;;;;;;;;;;;;;;;;;;;;;;;;;;;;0;;;;0;;;0;;;;;;;;;;;;;FRANCE / FRANCE METROPOLITAINE / ◊le-de-France / Paris / PARIS / Jardin des plantes (jardin Çcologique);;;;;;;;;;;;;;;;;;;;;;;;;;;;13610982;1654718;1945;1945;78539;9770441;3226553
C;FRP;....3637807;14/05/2021;0;16:53:00;PARCAE;M;+2A;FR;75;Paris;PARIS;Jardin des Plantes;;;;PROG PERS;PROG PERS;BIARD, Clotilde;;8;20;;;;;;AU NID;;;;;;;PI;CO;;;;;;;Cyanistes caeruleus;MÇsange bleue;48,843889;2,360278;0;527;"1; 5; 10";0,141155922;293,12364;;;;;;;;;;;;;;;;;;;;;;;;;;;;;;;;;;;;0;;;;0;;;0;;;;;;;;;;;;;FRANCE / FRANCE METROPOLITAINE / ◊le-de-France / Paris / PARIS / Jardin des Plantes;;;;;;;;537;;;;;;;;;;;AUCUNE;;;;;;;PLUME;;14343197;1806709;1454;0;59582;9770441;3226553
C;FRP;....3637807;21/12/2021;0;08:45:00;PARCAE;M;+1A;FR;75;Paris;PARIS;Jardin des plantes (jardin Çcologique);66,0;10,50;1;MANGEOIRE;;LORRILLIERE, Romain;GHISLAIN, Manon;8;20;;SC: LORRILLIERE, Romain;36;08:30:00;04:00:00;FILET VERTICAL;;BOIS FEUILLUS;;;;;DC;CO;;;;;;;Cyanistes caeruleus;MÇsange bleue;48,844387;2,362050;0;748;"2; 0; 18";0;0;;;;;;;;;;;;;;;;;;;;;;;;;;;19,10;;;;;;;;;0;;;;0;;;0;;;;;;;;;;;;;FRANCE / FRANCE METROPOLITAINE / ◊le-de-France / Paris / PARIS / Jardin des plantes (jardin Çcologique);;;;;;;;;;;;;;;;;;;;;;;;;;;;14955139;1918077;1945;14578;78539;9770441;3226553
C;FRP;....3637807;21/12/2021;0;10:55:00;PARCAE;M;+1A;FR;75;Paris;PARIS;Jardin des plantes (jardin Çcologique);65,5;11,10;1;MANGEOIRE;;LORRILLIERE, Romain;GHISLAIN, Manon;8;20;;SC: NABIAS, Jean;36;08:30:00;04:00:00;FILET VERTICAL;;BOIS FEUILLUS;;;;;DC;CO;;;;;;;Cyanistes caeruleus;MÇsange bleue;48,844387;2,362050;0;748;"2; 0; 18";0;0;;;;;;;;;;;MONNET, Anne-Christine;;;;;;;;;;;;;;;;19,10;;;;;;;;;0;;;;0;;;0;;;;;;;;;;;;;FRANCE / FRANCE METROPOLITAINE / ◊le-de-France / Paris / PARIS / Jardin des plantes (jardin Çcologique);;;;;;;;;;;;;;;;;;;;;;;;;;;;14955115;1918077;1945;14578;78539;9770441;3226553
B;FRP;....8351502;13/03/2018;0;09:00:00;PARCAE;F;2A;FR;75;Paris;PARIS;Jardin des Plantes;63,5;9,70;1;MANGEOIRE;;LORRILLIERE, Romain;LORRILLIERE, Romain;;;;;36;08:45:00;03:30:00;FILET VERTICAL;;PARC URBAIN;;;;;DC;;;;;;;;Cyanistes caeruleus;MÇsange bleue;48,843889;2,360278;0;;;;;;;;;;;;;;;;;;;;;;;;;;;;;;;16,40;;;;;;;;;0;;;;0;;;0;;;;;;;;;;;;;FRANCE / FRANCE METROPOLITAINE / ◊le-de-France / Paris / PARIS / Jardin des Plantes;;;;;;;;;;;;;;;;;;;;;;;;;;;;12263535;1449345;1945;1945;59582;8930869;10614941
C;FRP;....8351502;09/05/2018;0;14:48:00;PARCAE;F;2A;FR;75;Paris;PARIS;Jardin des Plantes;;;;PROG PERS;PROG PERS;BIARD, Clotilde;;8;20;;;;;;;;;;;;;PI;CO;;;;;;;Cyanistes caeruleus;MÇsange bleue;48,843889;2,360278;0;57;"0; 1; 26";0;0;;;;;;;;;;;;;;;;;;;;;;;;;;;;;;;;;;;;0;;;;0;;;;;;;;;;;;;;;;FRANCE / FRANCE METROPOLITAINE / ◊le-de-France / Paris / PARIS / Jardin des Plantes;;;;;;;;537;;;;;;;;;;;;;;;;;;;;12675756;1498899;1454;0;59582;8930869;10614941
C;FRP;....8351502;06/05/2019;0;17:42:00;PARCAE;F;+2A;FR;75;Paris;PARIS;Jardin des Plantes;;;;PROG PERS;PROG PERS;BIARD, Clotilde;;8;20;;;;;;AU NID;;;;;;;PI;CO;;;;;;;Cyanistes caeruleus;MÇsange bleue;48,843889;2,360278;0;419;"1; 1; 23";0;0;;;;;;;;;;;;;;;;;;;;;;;;;;;;;;;;;;;;0;;;;0;;;;;;;;;;;;;;;;FRANCE / FRANCE METROPOLITAINE / ◊le-de-France / Paris / PARIS / Jardin des Plantes;;;;;;;;537;;;;;;;;;;;;;;;;;;;;13204166;1597821;1454;0;59582;8930869;10614941
C;FRP;....8351502;21/12/2021;0;12:30:00;PARCAE;M;+1A;FR;75;Paris;PARIS;Jardin des plantes (jardin Çcologique);65,5;10,00;1;MANGEOIRE;;LORRILLIERE, Romain;GHISLAIN, Manon;8;20;;SC: LENGLIN, Achille;36;08:30:00;04:00:00;FILET VERTICAL;;BOIS FEUILLUS;;;;;DC;CO;;;;;;;Cyanistes caeruleus;MÇsange bleue;48,844387;2,362050;0;1379;"3; 9; 11";0,141155922;66,87506;;;;;;;;;;;;;;;;;;;;;;;;;;;17,40;;;;;;;;;0;;;;0;;;0;;;;;;;;;;;;;FRANCE / FRANCE METROPOLITAINE / ◊le-de-France / Paris / PARIS / Jardin des plantes (jardin Çcologique);;;;;;;;;;;;;;;;;;;;;;;;;;;;14955107;1918077;1945;14578;78539;8930869;10614941
B;FRP;....8351516;13/03/2018;0;11:05:00;PARCAE;M;+2A;FR;75;Paris;PARIS;Jardin des Plantes;66,0;10,70;1;MANGEOIRE;;LORRILLIERE, Romain;LORRILLIERE, Romain;;;;;36;08:45:00;03:30:00;FILET VERTICAL;;PARC URBAIN;;;;;DC;;;;;;;;Cyanistes caeruleus;MÇsange bleue;48,843889;2,360278;0;;;;;;;;;;;;;;;;;;;;;;;;;;;;;;;16,70;;;;;;;;;0;;;;0;;;0;;;;;;;;;;;;;FRANCE / FRANCE METROPOLITAINE / ◊le-de-France / Paris / PARIS / Jardin des Plantes;;;;;;;;;;;;;;;;;;;;;;;;;;;;12263523;1449345;1945;1945;59582;8930857;10614955
C;FRP;....8351516;21/12/2021;0;12:30:00;PARCAE;M;+1A;FR;75;Paris;PARIS;Jardin des plantes (jardin Çcologique);66,5;;2;MANGEOIRE;;LORRILLIERE, Romain;GHISLAIN, Manon;8;20;;SC: NABIAS, Jean;36;08:30:00;04:00:00;FILET VERTICAL;;BOIS FEUILLUS;;;;;;CO;;;;;;;Cyanistes caeruleus;MÇsange bleue;48,844387;2,362050;0;1379;"3; 9; 11";0,141155922;66,87506;;;;;;;;;;;;;;;;;;;;;;;;;;;18,50;;;;;;;;;0;;;;0;;;0;;;;;;;;;;;;;FRANCE / FRANCE METROPOLITAINE / ◊le-de-France / Paris / PARIS / Jardin des plantes (jardin Çcologique);;;;;;;;;;;;;;;;;;;;;;;;;;;;14955110;1918077;1945;14578;78539;8930857;10614955
B;FRP;....8966197;17/11/2021;0;10:25:00;PARCAE;F;+1A;FR;75;Paris;PARIS;Jardin des plantes (jardin Çcologique);66,5;11,30;1;MANGEOIRE;;LORRILLIERE, Romain;LORRILLIERE, Romain;;;;SC: LEQUITTE, Perrine;36;08:30:00;03:30:00;FILET VERTICAL;;BOIS FEUILLUS;;;;;DC;CO;;;;;;;Cyanistes caeruleus;MÇsange bleue;48,844387;2,362050;0;;;;;;;;;;;;;;;;;;;;;;;;;;;;;;;17,10;;;;;;;;;0;;;;0;;;0;;;;;;;;;;;;;FRANCE / FRANCE METROPOLITAINE / ◊le-de-France / Paris / PARIS / Jardin des plantes (jardin Çcologique);;;;;;;;;;;;;;;;;;;;;;;;;;;;14955185;1918084;1945;1945;78539;10389338;11596694
C;FRP;....8966197;21/12/2021;0;11:32:00;PARCAE;F?;+1A;FR;75;Paris;PARIS;Jardin des plantes (jardin Çcologique);66,0;;1;MANGEOIRE;;LORRILLIERE, Romain;GHISLAIN, Manon;8;20;;SC: LENGLIN, Achille;36;08:30:00;04:00:00;FILET VERTICAL;;BOIS FEUILLUS;;;;;DC;CO;;;;;;;Cyanistes caeruleus;MÇsange bleue;48,844387;2,362050;0;34;"0; 1; 3";0;0;;;;;;;;;;;;;;;;;;;;;;;;;;;19,10;;;;;;;;;0;;;;0;;;0;;;;;;;;;;;;;FRANCE / FRANCE METROPOLITAINE / ◊le-de-France / Paris / PARIS / Jardin des plantes (jardin Çcologique);;;;;;;;;;;;;;;;;;;;;;;;;;;;14955084;1918077;1945;14578;78539;10389338;11596694
B;FRP;....8966247;22/01/2020;0;12:13:00;PARCAE;M;2A;FR;75;Paris;PARIS;Jardin des plantes (jardin Çcologique);;;2;MANGEOIRE;;LORRILLIERE, Romain;LORRILLIERE, Romain;;;;;36;08:30:00;02:30:00;FILET VERTICAL;;PARC URBAIN;;;;;DC;CO;;;;;;;Cyanistes caeruleus;MÇsange bleue;48,844387;2,362050;0;;;;;;;;;;;;;;;;;;;;;;;;;;;;;;;;;;;;;;;;0;;;;0;;;0;;;;;;;;;;;;;FRANCE / FRANCE METROPOLITAINE / ◊le-de-France / Paris / PARIS / Jardin des plantes (jardin Çcologique);;;;;;;;;;;;;;;;;;;;;;;;;;;;13611125;1654720;1945;1945;78539;9770559;11596744
C;FRP;....8966247;02/12/2021;0;09:20:00;PARCAE;F?;+1A;FR;75;Paris;PARIS;Jardin des plantes (jardin Çcologique);65,5;11,30;1;MANGEOIRE;;LORRILLIERE, Romain;GHISLAIN, Manon;8;20;;SC: MERMILLIOD, Savine;36;08:30:00;03:30:00;FILET VERTICAL;;BOIS FEUILLUS;;;;;DC;CO;;;;;;;Cyanistes caeruleus;MÇsange bleue;48,844387;2,362050;0;680;"1; 10; 11";0;0;;;;;;;;;;;;;;;;;;;;;;;;;;;19,40;;;;;;;;;0;;;;0;;;0;;;;;;;;;;;;;FRANCE / FRANCE METROPOLITAINE / ◊le-de-France / Paris / PARIS / Jardin des plantes (jardin Çcologique);;;;;;;;;;;;;;;;;;;;;;;;;;;;14955150;1918083;1945;14578;78539;9770559;11596744
C;FRP;....8966247;21/12/2021;0;09:00:00;PARCAE;M;+1A;FR;75;Paris;PARIS;Jardin des plantes (jardin Çcologique);66,5;11,70;1;MANGEOIRE;;LORRILLIERE, Romain;GHISLAIN, Manon;8;20;;SC: NABIAS, Jean;36;08:30:00;04:00:00;FILET VERTICAL;;BOIS FEUILLUS;;;;;DC;CO;;;;;;;Cyanistes caeruleus;MÇsange bleue;48,844387;2,362050;0;699;"1; 10; 30";0;0;;;;;;;;;;;;;;;;;;;;;;;;;;;19,70;;;;;;;;;0;;;;0;;;0;;;;;;;;;;;;;FRANCE / FRANCE METROPOLITAINE / ◊le-de-France / Paris / PARIS / Jardin des plantes (jardin Çcologique);;;;;;;;;;;;;;;;;;;;;;;;;;;;14955136;1918077;1945;14578;78539;9770559;11596744
B;FRP;....9686614;03/08/2020;0;09:15:00;SYLATR;M;+1A;FR;47;Lot-et-Garonne;VILLETON;êtang de la Maziäre;73,5;16,00;1;PHENO;HORS THEME;PINCZON DU SEL, Nicolas;PINCZON DU SEL, Nicolas;;;;;180;05:40:00;05:20:00;FILET VERTICAL;;BUISSON;;;;;DC;"RE; MU; IR";;;;;;;Sylvia atricapilla;Fauvette Ö tàte noire;44,379465;0,276160;0;;;;;;;;;;;;;;;;;;;;;;;;;;;;;;;19,80;;;;;;;;;0;;;;0;;;R;;;;;;;;;;;;;FRANCE / FRANCE METROPOLITAINE / Aquitaine / Lot-et-Garonne / VILLETON / êtang de la Maziäre;;;;;;;;1139;;;;;;;;;;SAXRUB/ ACRSCH/ ACRSCI/ PHOPHO/ PHYLUS/ FICUCA/ HIPPOL/ ANTTRI/ LOCNAE/ LUSSVE/ LUSMEG/ JYNTOR/ SYLCOM/ SYLBOR;;;;;;;;;;13995675;1749160;15884;15884;252554;10029127;12317197
C;FRP;....9686614;17/09/2021;0;12:25:00;SYLATR;M;+1A;FR;47;Lot-et-Garonne;VILLETON;êtang de la Maziäre;;18,50;1;SEJOUR;HORS THEME;PINCZON DU SEL, Nicolas;GHISLAIN, Manon;8;20;;MUE C + Q + R;192;06:50:00;05:10:00;FILET VERTICAL;;BUISSON;;;;;;;;;;;;;Sylvia atricapilla;Fauvette Ö tàte noire;44,379465;0,276160;0;410;"1; 1; 14";0;0;;;;;;;;;;;;;;;;;;;;;;;;;;;20,50;;;;;;;;;0;;;;0;;;R;;;;;;;;;;;;;FRANCE / FRANCE METROPOLITAINE / Aquitaine / Lot-et-Garonne / VILLETON / êtang de la Maziäre;;;;;;;;1138;;;;;;;;;;SAXRUB/ ACRSCH/ ACRSCI/ PHOPHO/ PHYINO/ PHYLUS/ FICUCA/ HIPPOL/ ANTTRI/ LOCNAE/ ERIRUB/ PRUMOD/ LUSSVE/ LUSMEG/ JYNTOR/ SYLCOM/ SYLBOR/ SYLATR;;;;;;;;;;14520917;1835165;15884;14578;252554;10029127;12317197
B;FRP;....9688524;18/08/2021;0;09:40:00;CETCET;?;VOL;FR;47;Lot-et-Garonne;VILLETON;êtang de la Maziäre;63,0;;1;SEJOUR;HORS THEME;PINCZON DU SEL, Nicolas;GHISLAIN, Manon;;;;;192;06:00:00;05:00:00;FILET VERTICAL;;BUISSON;;;;;;;;;;;;;Cettia cetti;Bouscarle de Cetti;44,379465;0,276160;0;;;;;;;;;;;;;;;POITIE, Luna;;;;;;;;;;;;;;;;21,20;;;;;;;;;0;;;;0;;;C;;;;;;;;;;;;;FRANCE / FRANCE METROPOLITAINE / Aquitaine / Lot-et-Garonne / VILLETON / êtang de la Maziäre;;;;;;;;1138;;;;;;;;;;SAXRUB/ ACRSCH/ ACRSCI/ PHOPHO/ PHYLUS/ FICUCA/ HIPPOL/ ANTTRI/ LOCNAE/ LUSSVE/ LUSMEG/ JYNTOR/ SYLCOM/ SYLBOR;;;;;;;;;;14523000;1835324;15884;14578;252554;10338788;12319107
C;FRP;....9688524;18/08/2021;0;10:35:00;CETCET;?;1A;FR;47;Lot-et-Garonne;VILLETON;êtang de la Maziäre;;;;SEJOUR;HORS THEME;PINCZON DU SEL, Nicolas;COULOMB, Yannig;8;20;;;192;06:00:00;05:00:00;FILET VERTICAL;;BUISSON;;;;;;;;;;;;;Cettia cetti;Bouscarle de Cetti;44,379465;0,276160;0;0;"0; 0; 0";0;0;;;;;;;;;;;;;;;;;;;;;;;;;;;;;;;;;;;;0;;;;0;;;C;;;;;;;;;;;;;FRANCE / FRANCE METROPOLITAINE / Aquitaine / Lot-et-Garonne / VILLETON / êtang de la Maziäre;;;;;;;;1138;;;;;;;;;;SAXRUB/ ACRSCH/ ACRSCI/ PHOPHO/ PHYLUS/ FICUCA/ HIPPOL/ ANTTRI/ LOCNAE/ LUSSVE/ LUSMEG/ JYNTOR/ SYLCOM/ SYLBOR;;;;;;;;;;15005698;1835324;15884;18483;252554;10338788;12319107
B;FRP;....9688661;19/08/2021;0;08:25:00;ACRSCH;?;1A;FR;47;Lot-et-Garonne;VILLETON;êtang de la Maziäre;65,0;10,30;1;SEJOUR;SEJOUR;PINCZON DU SEL, Nicolas;GHISLAIN, Manon;;;;;192;06:00:00;05:00:00;FILET VERTICAL;;BUISSON;;;;;;;;;;;;;Acrocephalus schoenobaenus;Phragmite des joncs;44,379465;0,276160;0;;;;;;;;;;;;;;;ROI, Julien;;;;;;;;;;;;;;;;22,10;;;;;;;;;0;;;;0;;;0;;;;;;;;;;;;;FRANCE / FRANCE METROPOLITAINE / Aquitaine / Lot-et-Garonne / VILLETON / êtang de la Maziäre;;;;;;;;1138;;;;;;;;;;SAXRUB/ ACRSCH/ ACRSCI/ PHOPHO/ PHYLUS/ FICUCA/ HIPPOL/ ANTTRI/ LOCNAE/ LUSSVE/ LUSMEG/ JYNTOR/ SYLCOM/ SYLBOR;;;;;;;;;;14522918;1835322;15884;14578;252554;10341041;12319244
C;FRP;....9688661;19/08/2021;0;09:56:00;ACRSCH;?;VOL;FR;47;Lot-et-Garonne;VILLETON;êtang de la Maziäre;;10,40;1;SEJOUR;SEJOUR;PINCZON DU SEL, Nicolas;COULOMB, Yannig;8;20;;;192;06:00:00;05:00:00;FILET VERTICAL;;BUISSON;;;;;;;;;;;;;Acrocephalus schoenobaenus;Phragmite des joncs;44,379465;0,276160;0;0;"0; 0; 0";0;0;;;;;;;;;;;HERPIN, Ugo;;;;;;;;;;;;;;;;;;;;;;;;;0;;;;0;;;;;;;;;;;;;;;;FRANCE / FRANCE METROPOLITAINE / Aquitaine / Lot-et-Garonne / VILLETON / êtang de la Maziäre;;;;;;;;1138;;;;;;;;;;SAXRUB/ ACRSCH/ ACRSCI/ PHOPHO/ PHYLUS/ FICUCA/ HIPPOL/ ANTTRI/ LOCNAE/ LUSSVE/ LUSMEG/ JYNTOR/ SYLCOM/ SYLBOR;;;;;;;;;;15005694;1835322;15884;18483;252554;10341041;12319244
B;FRP;....9688667;19/08/2021;0;09:54:00;ACRSCH;?;1A;FR;47;Lot-et-Garonne;VILLETON;êtang de la Maziäre;65,0;9,90;1;SEJOUR;SEJOUR;PINCZON DU SEL, Nicolas;LAMBOTTIN, David;;;;;192;06:00:00;05:00:00;FILET VERTICAL;;BUISSON;;;;;;;;;;;;;Acrocephalus schoenobaenus;Phragmite des joncs;44,379465;0,276160;0;;;;;;;;;;;;;;;HERPIN, Ugo;;;;;;;;;;;;;;;;21,10;;;;;;;;;0;;;;0;;;0;;;;;;;;;;;;;FRANCE / FRANCE METROPOLITAINE / Aquitaine / Lot-et-Garonne / VILLETON / êtang de la Maziäre;;;;;;;;1138;;;;;;;;;;SAXRUB/ ACRSCH/ ACRSCI/ PHOPHO/ PHYLUS/ FICUCA/ HIPPOL/ ANTTRI/ LOCNAE/ LUSSVE/ LUSMEG/ JYNTOR/ SYLCOM/ SYLBOR;;;;;;;;;;14522972;1835322;15884;15221;252554;10341054;12319250
C;FRP;....9688667;19/08/2021;0;11:20:00;ACRSCH;?;VOL;FR;47;Lot-et-Garonne;VILLETON;êtang de la Maziäre;65,0;9,20;;SEJOUR;SEJOUR;PINCZON DU SEL, Nicolas;GHISLAIN, Manon;8;20;;;192;06:00:00;05:00:00;FILET VERTICAL;;BUISSON;;;;;;;;;;;;;Acrocephalus schoenobaenus;Phragmite des joncs;44,379465;0,276160;0;0;"0; 0; 0";0;0;;;;;;;;;;;;;;;;;;;;;;;;;;;;;;;;;;;;0;;;;0;;;;;;;;;;;;;;;;FRANCE / FRANCE METROPOLITAINE / Aquitaine / Lot-et-Garonne / VILLETON / êtang de la Maziäre;;;;;;;;1138;;;;;;;;;;SAXRUB/ ACRSCH/ ACRSCI/ PHOPHO/ PHYLUS/ FICUCA/ HIPPOL/ ANTTRI/ LOCNAE/ LUSSVE/ LUSMEG/ JYNTOR/ SYLCOM/ SYLBOR;;;;;;;;;;14522931;1835322;15884;14578;252554;10341054;12319250
B;FRP;....9689438;02/09/2021;0;09:15:00;SYLBOR;?;1A;FR;47;Lot-et-Garonne;VILLETON;êtang de la Maziäre;79,0;20,90;4;SEJOUR;SEJOUR;PINCZON DU SEL, Nicolas;GHISLAIN, Manon;;;;;192;06:30:00;05:30:00;FILET VERTICAL;;BUISSON;;;;;;;;;;;;;Sylvia borin;Fauvette des jardins;44,379465;0,276160;0;;;;;;;;;;;;;;;ROI, Julien;;;;;;;;;;;;;;;;19,70;;;;;;;;;0;;;;0;;;0;;;;;;;;;;;;;FRANCE / FRANCE METROPOLITAINE / Aquitaine / Lot-et-Garonne / VILLETON / êtang de la Maziäre;;;;;;;;1138;;;;;;;;;;SAXRUB/ ACRSCH/ ACRSCI/ PHOPHO/ PHYLUS/ FICUCA/ HIPPOL/ ANTTRI/ LOCNAE/ LUSSVE/ LUSMEG/ JYNTOR/ SYLCOM/ SYLBOR;;;;;;;;;;14521782;1835257;15884;14578;252554;10340085;12320021
C;FRP;....9689438;02/09/2021;0;09:55:00;SYLBOR;?;1A;FR;47;Lot-et-Garonne;VILLETON;êtang de la Maziäre;78,8;20,80;3;SEJOUR;SEJOUR;PINCZON DU SEL, Nicolas;LAMBOTTIN, David;8;20;;;192;06:30:00;05:30:00;FILET VERTICAL;;BUISSON;;;;;;;;;;;;;Sylvia borin;Fauvette des jardins;44,379465;0,276160;0;0;"0; 0; 0";0;0;;;;;;;;;;;ROI, Julien;;;;;;;;;;;;;;;;19,70;;;;;;;;;0;;;;0;;;0;;;;;;;;;;;;;FRANCE / FRANCE METROPOLITAINE / Aquitaine / Lot-et-Garonne / VILLETON / êtang de la Maziäre;;;;;;;;1138;;;;;;;;;;SAXRUB/ ACRSCH/ ACRSCI/ PHOPHO/ PHYLUS/ FICUCA/ HIPPOL/ ANTTRI/ LOCNAE/ LUSSVE/ LUSMEG/ JYNTOR/ SYLCOM/ SYLBOR;;;;;;;;;;15005630;1835257;15884;15221;252554;10340085;12320021
B;FRP;....9689525;03/09/2021;0;08:10:00;ACRSCH;?;1A;FR;47;Lot-et-Garonne;VILLETON;êtang de la Maziäre;67,0;10,50;2;SEJOUR;SEJOUR;PINCZON DU SEL, Nicolas;LAMBOTTIN, David;;;;;192;06:30:00;05:00:00;FILET VERTICAL;;BUISSON;;;;;;;;;;;;;Acrocephalus schoenobaenus;Phragmite des joncs;44,379465;0,276160;0;;;;;;;;;;;;;;;;;;;;;;;;;;;;;;;21,20;;;;;;;;;0;;;;0;;;0;;;;;;;;;;;;;FRANCE / FRANCE METROPOLITAINE / Aquitaine / Lot-et-Garonne / VILLETON / êtang de la Maziäre;;;;;;;;1138;;;;;;;;;;SAXRUB/ ACRSCH/ ACRSCI/ PHOPHO/ PHYLUS/ FICUCA/ HIPPOL/ ANTTRI/ LOCNAE/ LUSSVE/ LUSMEG/ JYNTOR/ SYLCOM/ SYLBOR;;;;;;;;;;14521733;1835237;15884;15221;252554;10340006;12320108
C;FRP;....9689525;03/09/2021;0;10:10:00;ACRSCH;?;1A;FR;47;Lot-et-Garonne;VILLETON;êtang de la Maziäre;67,0;10,60;1;ACROLA;ACROLA;PINCZON DU SEL, Nicolas;GHISLAIN, Manon;8;20;;;72;06:30:00;05:00:00;FILET VERTICAL;;BUISSON;;;1;;;;;;;;;;Acrocephalus schoenobaenus;Phragmite des joncs;44,379465;0,276160;0;0;"0; 0; 0";0;0;;;;;;;;;;;;;;;;;;;;;;;;;;;21,50;;;;;;;;;0;;;;0;;;0;;;;;;;;;;;;;FRANCE / FRANCE METROPOLITAINE / Aquitaine / Lot-et-Garonne / VILLETON / êtang de la Maziäre;;;;;;;;;;;;;;;;;;ACROLA;;;;;;;;;;14521615;1835231;15884;14578;252554;10340006;12320108
B;FRP;....9783935;14/08/2021;0;08:20:00;SYLCOM;?;1A;FR;47;Lot-et-Garonne;VILLETON;êtang de la Maziäre;69,5;14,00;2;SEJOUR;SEJOUR;PINCZON DU SEL, Nicolas;PINCZON DU SEL, Nicolas;;;;;192;05:45:00;05:15:00;FILET VERTICAL;;BUISSON;;;;;;;;;;;;;Sylvia communis;Fauvette grisette;44,379465;0,276160;0;;;;;;;;;;;;;;;POITIE, Luna;;;;;;;;;;;;;;;;20,70;;;;;;;;;0;;;;0;;;0;;;;;;;;;;;;;FRANCE / FRANCE METROPOLITAINE / Aquitaine / Lot-et-Garonne / VILLETON / êtang de la Maziäre;;;;;;;;1138;;;;;;;;;;SAXRUB/ ACRSCH/ ACRSCI/ PHOPHO/ PHYLUS/ FICUCA/ HIPPOL/ ANTTRI/ LOCNAE/ LUSSVE/ LUSMEG/ JYNTOR/ SYLCOM/ SYLBOR;;;;;;;;;;14523253;1835337;15884;15884;252554;10341136;15769691
C;FRP;....9783935;18/08/2021;0;11:14:00;SYLCOM;?;1A;FR;47;Lot-et-Garonne;VILLETON;êtang de la Maziäre;;;3;ACROLA;ACROLA;PINCZON DU SEL, Nicolas;DESCHAMPS, Julie;8;20;;;72;06:00:00;05:00:00;FILET VERTICAL;;BUISSON;;;2;;;;;;;;;;Sylvia communis;Fauvette grisette;44,379465;0,276160;0;4;"0; 0; 4";0;0;;;;;;;;;;;;;;;;;;;;;;;;;;;20,90;;;;;;;;;0;;;;0;;;C;;;;;;;;;;;;;FRANCE / FRANCE METROPOLITAINE / Aquitaine / Lot-et-Garonne / VILLETON / êtang de la Maziäre;;;;;;;;;;;;;;;;;;ACROLA;;;;;;;;;;15005702;1835326;15884;19343;252554;10341136;15769691
B;FRP;....9942503;21/12/2021;0;08:45:00;PARCAE;F?;1A;FR;75;Paris;PARIS;Jardin des plantes (jardin Çcologique);62,5;10,80;1;MANGEOIRE;;LORRILLIERE, Romain;GHISLAIN, Manon;;;;SC: LORRILLIERE, Romain;36;08:30:00;04:00:00;FILET VERTICAL;;BOIS FEUILLUS;;;;;DC;CO;;;;;;;Cyanistes caeruleus;MÇsange bleue;48,844387;2,362050;0;;;;;;;;;;;;;;;;;;;;;;;;;;;;;;;18,60;;;;;;;;;0;;;;0;;;0;;;;;;;;;;;;;FRANCE / FRANCE METROPOLITAINE / ◊le-de-France / Paris / PARIS / Jardin des plantes (jardin Çcologique);;;;;;;;;;;;;;;;;;;;;;;;;;;;14955123;1918077;1945;14578;78539;10389228;16851457
C;FRP;....9942503;21/12/2021;0;10:33:00;PARCAE;F;1A;FR;75;Paris;PARIS;Jardin des plantes (jardin Çcologique);62,5;10,70;2;MANGEOIRE;;LORRILLIERE, Romain;LORRILLIERE, Romain;8;20;;SC: GHISLAIN, Manon;36;08:30:00;04:00:00;FILET VERTICAL;;BOIS FEUILLUS;;;;;DC;CO;;;;;;;Cyanistes caeruleus;MÇsange bleue;48,844387;2,362050;0;0;"0; 0; 0";0;0;;;;;;;;;;;;;;;;;;;;;;;;;;;16,70;;;;;;;;;0;;;;0;;;0;;;;;;;;;;;;;FRANCE / FRANCE METROPOLITAINE / ◊le-de-France / Paris / PARIS / Jardin des plantes (jardin Çcologique);;;;;;;;;;;;;;;;;;;;;;;;;;;;14954956;1918077;1945;1945;78539;10389228;16851457
B;FRP;....9942505;21/12/2021;0;09:03:00;PARCAE;F;1A;FR;75;Paris;PARIS;Jardin des plantes (jardin Çcologique);65,5;10,20;1;MANGEOIRE;;LORRILLIERE, Romain;GHISLAIN, Manon;;;;SC: NABIAS, Jean;36;08:30:00;04:00:00;FILET VERTICAL;;BOIS FEUILLUS;;;;;DC;CO;;;;;;;Cyanistes caeruleus;MÇsange bleue;48,844387;2,362050;0;;;;;;;;;;;;;;;;;;;;;;;;;;;;;;;17,20;;;;;;;;;0;;;;0;;;0;;;;;;;;;;;;;FRANCE / FRANCE METROPOLITAINE / ◊le-de-France / Paris / PARIS / Jardin des plantes (jardin Çcologique);;;;;;;;;;;;;;;;;;;;;;;;;;;;14955131;1918077;1945;14578;78539;10389293;16851459
C;FRP;....9942505;21/12/2021;0;11:49:00;PARCAE;F;1A;FR;75;Paris;PARIS;Jardin des plantes (jardin Çcologique);;10,10;;MANGEOIRE;;LORRILLIERE, Romain;LORRILLIERE, Romain;8;20;;SC: LENGLIN, Achille;36;08:30:00;04:00:00;FILET VERTICAL;;BOIS FEUILLUS;;;;;DC;CO;;;;;;;Cyanistes caeruleus;MÇsange bleue;48,844387;2,362050;0;0;"0; 0; 0";0;0;;;;;;;;;;;;;;;;;;;;;;;;;;;;;;;;;;;;0;;;;0;;;0;;;;;;;;;;;;;FRANCE / FRANCE METROPOLITAINE / ◊le-de-France / Paris / PARIS / Jardin des plantes (jardin Çcologique);;;;;;;;;;;;;;;;;;;;;;;;;;;;14955030;1918077;1945;1945;78539;10389293;16851459
B;FRP;....9942513;21/12/2021;0;10:19:00;PARCAE;F;1A;FR;75;Paris;PARIS;Jardin des plantes (jardin Çcologique);64,0;10,40;1;MANGEOIRE;;LORRILLIERE, Romain;LORRILLIERE, Romain;;;;SC: LENGLIN, Achille;36;08:30:00;04:00:00;FILET VERTICAL;;BOIS FEUILLUS;;;;;DC;CO;;;;;;;Cyanistes caeruleus;MÇsange bleue;48,844387;2,362050;0;;;;;;;;;;;;;;;MONNET, Anne-Christine;;;;;;;;;;;;;;;;17,10;;;;;;;;;0;;;;0;;;0;;;;;;;;;;;;;FRANCE / FRANCE METROPOLITAINE / ◊le-de-France / Paris / PARIS / Jardin des plantes (jardin Çcologique);;;;;;;;;;;;;;;;;;;;;;;;;;;;14954962;1918077;1945;1945;78539;10389234;16851467
C;FRP;....9942513;21/12/2021;0;11:49:00;PARCAE;F;1A;FR;75;Paris;PARIS;Jardin des plantes (jardin Çcologique);;10,50;;MANGEOIRE;;LORRILLIERE, Romain;GHISLAIN, Manon;8;20;;SC: LENGLIN, Achille;36;08:30:00;04:00:00;FILET VERTICAL;;BOIS FEUILLUS;;;;;DC;CO;;;;;;;Cyanistes caeruleus;MÇsange bleue;48,844387;2,362050;0;0;"0; 0; 0";0;0;;;;;;;;;;;;;;;;;;;;;;;;;;;;;;;;;;;;0;;;;0;;;0;;;;;;;;;;;;;FRANCE / FRANCE METROPOLITAINE / ◊le-de-France / Paris / PARIS / Jardin des plantes (jardin Çcologique);;;;;;;;;;;;;;;;;;;;;;;;;;;;14955089;1918077;1945;14578;78539;10389234;16851467
B;FRP;....9942514;21/12/2021;0;10:20:00;PARCAE;M;1A;FR;75;Paris;PARIS;Jardin des plantes (jardin Çcologique);67,5;11,50;1;MANGEOIRE;;LORRILLIERE, Romain;GHISLAIN, Manon;;;;SC: NABIAS, Jean;36;08:30:00;04:00:00;FILET VERTICAL;;BOIS FEUILLUS;;;;;DC;CO;;;;;;;Cyanistes caeruleus;MÇsange bleue;48,844387;2,362050;0;;;;;;;;;;;;;;;;;;;;;;;;;;;;;;;18,70;;;;;;;;;0;;;;0;;;0;;;;;;;;;;;;;FRANCE / FRANCE METROPOLITAINE / ◊le-de-France / Paris / PARIS / Jardin des plantes (jardin Çcologique);;;;;;;;;;;;;;;;;;;;;;;;;;;;14955141;1918077;1945;14578;78539;10389321;16851468
C;FRP;....9942514;21/12/2021;0;11:16:00;PARCAE;M;1A;FR;75;Paris;PARIS;Jardin des plantes (jardin Çcologique);66,5;11,60;1;MANGEOIRE;;LORRILLIERE, Romain;LORRILLIERE, Romain;8;20;;SC: NABIAS, Jean;36;08:30:00;04:00:00;FILET VERTICAL;;BOIS FEUILLUS;;;;;DC;CO;;;;;;;Cyanistes caeruleus;MÇsange bleue;48,844387;2,362050;0;0;"0; 0; 0";0;0;;;;;;;;;;;;;;;;;;;;;;;;;;;17,90;;;;;;;;;0;;;;0;;;0;;;;;;;;;;;;;FRANCE / FRANCE METROPOLITAINE / ◊le-de-France / Paris / PARIS / Jardin des plantes (jardin Çcologique);;;;;;;;;;;;;;;;;;;;;;;;;;;;14955065;1918077;1945;1945;78539;10389321;16851468
B;FRP;....9942515;21/12/2021;0;10:33:00;PARMAJ;M;+1?;FR;75;Paris;PARIS;Jardin des plantes (jardin Çcologique);73,5;15,50;1;MANGEOIRE;;LORRILLIERE, Romain;LORRILLIERE, Romain;;;;SC: GHISLAIN, Manon;36;08:30:00;04:00:00;FILET VERTICAL;;BOIS FEUILLUS;;;;;DC;CO;;;;;;;Parus major;MÇsange charbonniäre;48,844387;2,362050;0;;;;;;;;;;;;;;;;;;;;;;;;;;;;;;;19,50;;;;;;;;;0;;;;0;;;0;;;;;;;;;;;;;FRANCE / FRANCE METROPOLITAINE / ◊le-de-France / Paris / PARIS / Jardin des plantes (jardin Çcologique);;;;;;;;;;;;;;;;;;;;;;;;;;;;14954948;1918077;1945;1945;78539;10389220;16851469
C;FRP;....9942515;21/12/2021;0;12:30:00;PARMAJ;M;+1A;FR;75;Paris;PARIS;Jardin des plantes (jardin Çcologique);;15,70;;MANGEOIRE;;LORRILLIERE, Romain;GHISLAIN, Manon;8;20;;SC: LENGLIN, Achille;36;08:30:00;04:00:00;FILET VERTICAL;;BOIS FEUILLUS;;;;;DC;CO;;;;;;;Parus major;MÇsange charbonniäre;48,844387;2,362050;0;0;"0; 0; 0";0;0;;;;;;;;;;;;;;;;;;;;;;;;;;;;;;;;;;;;0;;;;0;;;0;;;;;;;;;;;;;FRANCE / FRANCE METROPOLITAINE / ◊le-de-France / Paris / PARIS / Jardin des plantes (jardin Çcologique);;;;;;;;;;;;;;;;;;;;;;;;;;;;14955105;1918077;1945;14578;78539;10389220;16851469
B;FRP;....9942516;21/12/2021;0;10:53:00;PARCAE;F;1A;FR;75;Paris;PARIS;Jardin des plantes (jardin Çcologique);65,0;11,80;2;MANGEOIRE;;LORRILLIERE, Romain;LORRILLIERE, Romain;;;;SC: NABIAS, Jean;36;08:30:00;04:00:00;FILET VERTICAL;;BOIS FEUILLUS;;;;;DC;CO;;;;;;;Cyanistes caeruleus;MÇsange bleue;48,844387;2,362050;0;;;;;;;;;;;;;;;;;;;;;;;;;;;;;;;17,10;;;;;;;;;0;;;;0;;;0;;;;;;;;;;;;;FRANCE / FRANCE METROPOLITAINE / ◊le-de-France / Paris / PARIS / Jardin des plantes (jardin Çcologique);;;;;;;;;;;;;;;;;;;;;;;;;;;;14954953;1918077;1945;1945;78539;10389225;16851470
C;FRP;....9942516;21/12/2021;0;12:30:00;PARCAE;F;1A;FR;75;Paris;PARIS;Jardin des plantes (jardin Çcologique);;11,70;;MANGEOIRE;;LORRILLIERE, Romain;GHISLAIN, Manon;8;20;;SC: NABIAS, Jean;36;08:30:00;04:00:00;FILET VERTICAL;;BOIS FEUILLUS;;;;;DC;CO;;;;;;;Cyanistes caeruleus;MÇsange bleue;48,844387;2,362050;0;0;"0; 0; 0";0;0;;;;;;;;;;;;;;;;;;;;;;;;;;;;;;;;;;;;0;;;;0;;;0;;;;;;;;;;;;;FRANCE / FRANCE METROPOLITAINE / ◊le-de-France / Paris / PARIS / Jardin des plantes (jardin Çcologique);;;;;;;;;;;;;;;;;;;;;;;;;;;;14955120;1918077;1945;14578;78539;10389225;16851470
B;FRP;....9942521;21/12/2021;0;10:55:00;PARCAE;F;1A;FR;75;Paris;PARIS;Jardin des plantes (jardin Çcologique);64,0;10,70;1;MANGEOIRE;;LORRILLIERE, Romain;GHISLAIN, Manon;;;;SC: NABIAS, Jean;36;08:30:00;04:00:00;FILET VERTICAL;;BOIS FEUILLUS;;;;;DC;CO;;;;;;;Cyanistes caeruleus;MÇsange bleue;48,844387;2,362050;0;;;;;;;;;;;;;;;;;;;;;;;;;;;;;;;18,20;;;;;;;;;0;;;;0;;;0;;;;;;;;;;;;;FRANCE / FRANCE METROPOLITAINE / ◊le-de-France / Paris / PARIS / Jardin des plantes (jardin Çcologique);;;;;;;;;;;;;;;;;;;;;;;;;;;;14955133;1918077;1945;14578;78539;10389334;16851475
C;FRP;....9942521;21/12/2021;0;12:30:00;PARCAE;F;1A;FR;75;Paris;PARIS;Jardin des plantes (jardin Çcologique);;10,40;;MANGEOIRE;;LORRILLIERE, Romain;LORRILLIERE, Romain;8;20;;SC: LENGLIN, Achille;36;08:30:00;04:00:00;FILET VERTICAL;;BOIS FEUILLUS;;;;;;CO;;;;;;;Cyanistes caeruleus;MÇsange bleue;48,844387;2,362050;0;0;"0; 0; 0";0;0;;;;;;;;;;;;;;;;;;;;;;;;;;;;;;;;;;;;0;;;;0;;;0;;;;;;;;;;;;;FRANCE / FRANCE METROPOLITAINE / ◊le-de-France / Paris / PARIS / Jardin des plantes (jardin Çcologique);;;;;;;;;;;;;;;;;;;;;;;;;;;;14955080;1918077;1945;1945;78539;10389334;16851475
B;DEW;...90995240;01/06/2021;0;08:00:00;ACRSCI;?;+1A;DE;E-;Hessen;;NSG Pfaffensee;68,5;11,30;;;;DEW;;;;;;;;;;;;;;;;;;;;;;;;Acrocephalus scirpaceus;Rousserolle effarvatte;50,377500;8,863056;0;;;;;;;;;;;;;;;;;;;;;;;;;;;;;;;;;;;;;;;;0;;;;;;;;;;;;;;;;;;;;ALLEMAGNE / Hessen / NSG Pfaffensee;;;;;;;;;;;;;;;;;;;;;;;;;;;;15029507;1921407;106;0;219096;10341629;16992666
C;DEW;...90995240;09/08/2021;0;09:40:00;ACRSCI;?;+1A;FR;47;Lot-et-Garonne;VILLETON;êtang de la Maziäre;66,5;11,30;;SEJOUR;SEJOUR;PINCZON DU SEL, Nicolas;GHISLAIN, Manon;8;20;;;192;05:45:00;05:15:00;FILET VERTICAL;;BUISSON;;;;;;;;;;;;;Acrocephalus scirpaceus;Rousserolle effarvatte;44,379465;0,276160;0;69;"0; 2; 8";928,7596818;312,65635;;;;;;;;;;;;;;;;;;;;;;;;;;;24,80;;;;;;;;;0;;;;0;;;C;;;;;;;;;;;;;FRANCE / FRANCE METROPOLITAINE / Aquitaine / Lot-et-Garonne / VILLETON / êtang de la Maziäre;;;;;;;;1138;;;;;;;;;;SAXRUB/ ACRSCH/ ACRSCI/ PHOPHO/ PHYLUS/ FICUCA/ HIPPOL/ ANTTRI/ LOCNAE/ LUSSVE/ LUSMEG/ JYNTOR/ SYLCOM/ SYLBOR;;;;;;;;;;14523589;1835363;15884;14578;252554;10341629;16992666
B;GBT;ABK....8740;21/08/2021;0;06:10:00;ACRSCH;?;1A;GB;NK;Norfolk;;DERSINGHAM;67,0;11,10;;;;GBT;;;;;;;;;;;;;;;;;;;;;;;;Acrocephalus schoenobaenus;Phragmite des joncs;52,850000;0,483333;0;;;;;;;;;;;;;;;;;;;;;;;;;;;;;;;;;;;;;;;;0;;;;;;;;;;;;;;;;;;;;GRANDE-BRETAGNE / Norfolk / DERSINGHAM;;;;;;;;;;;;;;;;;;;;;;;;;;;;14530141;1836011;104;0;99096;10339556;16992646
C;GBT;ABK....8740;14/09/2021;0;08:15:00;ACRSCH;?;1A;FR;47;Lot-et-Garonne;VILLETON;êtang de la Maziäre;66,0;10,70;2;SEJOUR;SEJOUR;PINCZON DU SEL, Nicolas;GHISLAIN, Manon;8;20;;;192;06:50:00;05:50:00;FILET VERTICAL;;BUISSON;;;;;;;;;;;;;Acrocephalus schoenobaenus;Phragmite des joncs;44,379465;0,276160;0;24;"0; 0; 24";943,0375602;358,99488;;;;;;;;;;;ROI, Julien;;;;;;;;;;;;;;;;20,50;;;;;;;;;0;;;;0;;;0;;;;;;;;;;;;;FRANCE / FRANCE METROPOLITAINE / Aquitaine / Lot-et-Garonne / VILLETON / êtang de la Maziäre;;;;;;;;1138;;;;;;;;;;SAXRUB/ ACRSCH/ ACRSCI/ PHOPHO/ PHYINO/ PHYLUS/ FICUCA/ HIPPOL/ ANTTRI/ LOCNAE/ ERIRUB/ PRUMOD/ LUSSVE/ LUSMEG/ JYNTOR/ SYLCOM/ SYLBOR/ SYLATR;;;;;;;;;;14521039;1835173;15884;14578;252554;10339556;16992646
B;FRP;AX....82567;05/08/2021;0;07:55:00;ALCATT;M;1A;FR;47;Lot-et-Garonne;VILLETON;êtang de la Maziäre;79,0;32,30;;PHENO;HORS THEME;PINCZON DU SEL, Nicolas;PINCZON DU SEL, Nicolas;;;;;192;05:45:00;05:15:00;FILET VERTICAL;;BUISSON;;;;;;;;;;;;;Alcedo atthis;Martin-pàcheur d'Europe;44,379465;0,276160;0;;;;;;;;;;;;;;;POITIE, Luna;;;;;;;;;;;;;;;;;;;;;;;;;0;;;;0;;;0;;;;;;;;;;;;;FRANCE / FRANCE METROPOLITAINE / Aquitaine / Lot-et-Garonne / VILLETON / êtang de la Maziäre;;;;;;;;1139;;;;;;;;;;SAXRUB/ ACRSCH/ ACRSCI/ PHOPHO/ PHYLUS/ FICUCA/ HIPPOL/ ANTTRI/ LOCNAE/ LUSSVE/ LUSMEG/ JYNTOR/ SYLCOM/ SYLBOR;;;;;;;;;;14523683;1835371;15884;15884;252554;10339876;16007762
C;FRP;AX....82567;19/08/2021;0;11:27:00;ALCATT;M;1A;FR;47;Lot-et-Garonne;VILLETON;êtang de la Maziäre;80,0;32,60;;SEJOUR;HORS THEME;PINCZON DU SEL, Nicolas;GHISLAIN, Manon;8;20;;;192;06:00:00;05:00:00;FILET VERTICAL;;BUISSON;;;;;;;;;;;;;Alcedo atthis;Martin-pàcheur d'Europe;44,379465;0,276160;0;14;"0; 0; 14";0;0;;;;;;;;;;;POITIE, Luna;;;;;;;;;;;;;;;;;;;;;;;;;0;;;;0;;;0;;;;;;;;;;;;;FRANCE / FRANCE METROPOLITAINE / Aquitaine / Lot-et-Garonne / VILLETON / êtang de la Maziäre;;;;;;;;1138;;;;;;;;;;SAXRUB/ ACRSCH/ ACRSCI/ PHOPHO/ PHYLUS/ FICUCA/ HIPPOL/ ANTTRI/ LOCNAE/ LUSSVE/ LUSMEG/ JYNTOR/ SYLCOM/ SYLBOR;;;;;;;;;;14522930;1835322;15884;14578;252554;10339876;16007762
B;GBT;AYH....4783;27/07/2021;0;;ACRSCI;?;1A;GB;HL;Halton;;Halton Moss;65,5;10,60;;;;GBT;;;;;;;;;;;;;;;;;;;;;;;;Acrocephalus scirpaceus;Rousserolle effarvatte;53,333333;-2,666667;0;;;;;;;;;;;;;;;;;;;;;;;;;;;;;;;;;;;;;;;;0;;;;;;;;;;;;;;;;;;;;GRANDE-BRETAGNE / Halton / Halton Moss;;;;;;;;;;;;;;;;;;;;;;;;;;;;14530135;1836006;104;0;269978;10340948;16992656
C;GBT;AYH....4783;21/08/2021;0;09:00:00;ACRSCI;?;1A;FR;47;Lot-et-Garonne;VILLETON;êtang de la Maziäre;66,0;11,00;2;SEJOUR;SEJOUR;PINCZON DU SEL, Nicolas;GHISLAIN, Manon;8;20;;;192;06:15:00;04:45:00;FILET VERTICAL;;BUISSON;;;;;;;;;;;;;Acrocephalus scirpaceus;Rousserolle effarvatte;44,379465;0,276160;0;25;"0; 0; 25";1019,524815;166,6717;;;;;;;;;;;ROI, Julien;;;;;;;;;;;;;;;;23,00;;;;;;;;;0;;;;0;;;0;;;;;;;;;;;;;FRANCE / FRANCE METROPOLITAINE / Aquitaine / Lot-et-Garonne / VILLETON / êtang de la Maziäre;;;;;;;;1138;;;;;;;;;;SAXRUB/ ACRSCH/ ACRSCI/ PHOPHO/ PHYLUS/ FICUCA/ HIPPOL/ LOCNAE/ LUSSVE/ LUSMEG/ JYNTOR/ SYLCOM/ SYLBOR;;;;;;;;;;14522809;1835317;15884;14578;252554;10340948;16992656
B;GBT;AYN....8911;29/08/2021;0;;ACRSCH;?;1A;GB;WR;Worcestershire;;Strensham Water Works;67,0;10,60;;;;GBT;;;;;;;;;;;;;;;;;;;;;;;;Acrocephalus schoenobaenus;Phragmite des joncs;52,050000;-2,116667;0;;;;;;;;;;;;;;;;;;;;;;;;;;;;;;;;;;;;;;;;0;;;;;;;;;;;;;;;;;;;;GRANDE-BRETAGNE / Worcestershire / Strensham Water Works;;;;;;;;;;;;;;;;;;;;;;;;;;;;14530136;1836007;104;0;239633;10339516;16992645
C;GBT;AYN....8911;15/09/2021;0;08:13:00;ACRSCH;?;1A;FR;47;Lot-et-Garonne;VILLETON;êtang de la Maziäre;67,0;10,40;2;SEJOUR;SEJOUR;PINCZON DU SEL, Nicolas;GHISLAIN, Manon;8;20;;;192;06:50:00;04:30:00;FILET VERTICAL;;BUISSON;;;;;;;;;;;;;Acrocephalus schoenobaenus;Phragmite des joncs;44,379465;0,276160;0;17;"0; 0; 17";871,9835318;167,35295;;;;;;;;;;;BAUVINEAU, Simon;;;;;;;;;;;;;;;;21,20;;;;;;;;;0;;;;0;;;0;;;;;;;;;;;;;FRANCE / FRANCE METROPOLITAINE / Aquitaine / Lot-et-Garonne / VILLETON / êtang de la Maziäre;;;;;;;;1138;;;;;;;;;;SAXRUB/ ACRSCH/ ACRSCI/ PHOPHO/ PHYINO/ PHYLUS/ FICUCA/ HIPPOL/ ANTTRI/ LOCNAE/ ERIRUB/ PRUMOD/ LUSSVE/ LUSMEG/ JYNTOR/ SYLCOM/ SYLBOR/ SYLATR;;;;;;;;;;14520999;1835171;15884;14578;252554;10339516;16992645
B;NLA;BP....17176;10/08/2021;0;;LOCNAE;?;1A;NL;19;Hollande-MÇridionale;WASSENAAR;MEIJENDEL;;;;;;NLA;;;;;;;;;;;;;;;;;;;;;;;;Locustella naevia;Locustelle tachetÇe;52,136111;4,335556;0;;;;;;;;;;;;;;;;;;;;;;;;;;;;;;;;;;;;;;;;0;;;;;;;;;;;;;;;;;;;;PAYS-BAS / Hollande-MÇridionale / WASSENAAR / MEIJENDEL;;;;;;;;;;;;;;;;;;;;;;;;;;;;15109779;1932471;173;0;227807;10340943;16992655
C;NLA;BP....17176;21/08/2021;0;07:45:00;LOCNAE;?;1A;FR;47;Lot-et-Garonne;VILLETON;êtang de la Maziäre;64,0;13,70;2;SEJOUR;SEJOUR;PINCZON DU SEL, Nicolas;GHISLAIN, Manon;8;20;;;192;06:15:00;04:45:00;FILET VERTICAL;;BUISSON;;;;;;;;;;;;;Locustella naevia;Locustelle tachetÇe;44,379465;0,276160;0;11;"0; 0; 11";913,9873047;339,25075;;;;;;;;;;;;;;;;;;;;;;;;;;;20,50;;;;;;;;;0;;;;0;;;0;;;;;;;;;;;;;FRANCE / FRANCE METROPOLITAINE / Aquitaine / Lot-et-Garonne / VILLETON / êtang de la Maziäre;;;;;;;;1138;;;;;;;;;;SAXRUB/ ACRSCH/ ACRSCI/ PHOPHO/ PHYLUS/ FICUCA/ HIPPOL/ LOCNAE/ LUSSVE/ LUSMEG/ JYNTOR/ SYLCOM/ SYLBOR;;;;;;;;;;14522798;1835317;15884;14578;252554;10340943;16992655
